StartDate,EndDate,Status,IPAddress,Progress,Duration (in seconds),Finished,RecordedDate,ResponseId,RecipientLastName,RecipientFirstName,RecipientEmail,ExternalReference,LocationLatitude,LocationLongitude,DistributionChannel,UserLanguage,id,age,gender,test,pref1,basketball1,dispref1,know_label1,soccer1,know_unlabel1,pref2,basketball2,dispref2,know_label2,soccer2,know_unlabel2,pref3,basketball3,dispref3,know_label3,soccer3,know_unlabel3,pref4,basketball4,dispref4,know_label4,soccer4,know_unlabel4,comment,order,question_order,pref,dispref,label,unlabel
Start Date,End Date,Response Type,IP Address,Progress,Duration (in seconds),Finished,Recorded Date,Response ID,Recipient Last Name,Recipient First Name,Recipient Email,External Data Reference,Location Latitude,Location Longitude,Distribution Channel,User Language,ID number,Child age,Child gender,Check here ONLY if doing a demo or sham run:,pref1,basketball1,dispref1,know_label1,soccer1,know_unlabel1,pref2,basketball2,dispref2,know_label2,soccer2,know_unlabel2,pref3,basketball3,dispref3,know_label3,soccer3,know_unlabel3,pref4,basketball4,dispref4,know_label4,soccer4,know_unlabel4,Why do you think that person knows more?,order,question_order,pref,dispref,label,unlabel
"{""ImportId"":""startDate"",""timeZone"":""America/Denver""}","{""ImportId"":""endDate"",""timeZone"":""America/Denver""}","{""ImportId"":""status""}","{""ImportId"":""ipAddress""}","{""ImportId"":""progress""}","{""ImportId"":""duration""}","{""ImportId"":""finished""}","{""ImportId"":""recordedDate"",""timeZone"":""America/Denver""}","{""ImportId"":""_recordId""}","{""ImportId"":""recipientLastName""}","{""ImportId"":""recipientFirstName""}","{""ImportId"":""recipientEmail""}","{""ImportId"":""externalDataReference""}","{""ImportId"":""locationLatitude""}","{""ImportId"":""locationLongitude""}","{""ImportId"":""distributionChannel""}","{""ImportId"":""userLanguage""}","{""ImportId"":""QID1100_TEXT""}","{""ImportId"":""QID1098""}","{""ImportId"":""QID1099""}","{""ImportId"":""QID1101""}","{""ImportId"":""QID1097""}","{""ImportId"":""QID1096""}","{""ImportId"":""QID1095""}","{""ImportId"":""QID1172""}","{""ImportId"":""QID1174""}","{""ImportId"":""QID1176""}","{""ImportId"":""QID1121""}","{""ImportId"":""QID1123""}","{""ImportId"":""QID1125""}","{""ImportId"":""QID1218""}","{""ImportId"":""QID1216""}","{""ImportId"":""QID1214""}","{""ImportId"":""QID1137""}","{""ImportId"":""QID1139""}","{""ImportId"":""QID1141""}","{""ImportId"":""QID1208""}","{""ImportId"":""QID1210""}","{""ImportId"":""QID1212""}","{""ImportId"":""QID1153""}","{""ImportId"":""QID1157""}","{""ImportId"":""QID1159""}","{""ImportId"":""QID1220""}","{""ImportId"":""QID1222""}","{""ImportId"":""QID1224""}","{""ImportId"":""QID1066_TEXT""}","{""ImportId"":""order""}","{""ImportId"":""question_order""}","{""ImportId"":""pref""}","{""ImportId"":""dispref""}","{""ImportId"":""label""}","{""ImportId"":""unlabel""}"
2020-07-24 09:59:39,2020-07-24 10:00:55,Survey Preview,,100,75,True,2020-07-24 10:00:55,R_vkng3joHt5a6niF,,,,,41.3867950439453125,-70.535003662109375,preview,EN,,,,Do not log this response,Disfluent,Disfluent,Fluent,,,,,,,,,,,,,,,,,,,,,,,,,,,,
2020-07-24 10:03:09,2020-07-24 10:06:20,IP Address,71.229.152.54,100,190,True,2020-07-24 10:06:21,R_2xJigO6zWPGI8AI,,,,,39.7301025390625,-104.90779876708984375,anonymous,EN,,,,Do not log this response,Disfluent,Fluent,Disfluent,,,,,,,,,,,,,,,,,,,,,,,,,,,,
2020-07-24 11:33:32,2020-07-24 11:36:48,IP Address,24.14.240.11,100,196,True,2020-07-24 11:36:49,R_zTKdUwbEXaDXFUB,,,,,41.8957061767578125,-87.9434967041015625,anonymous,EN,,,,Do not log this response,Disfluent,Fluent,Fluent,,,,,,,,,,,,,,,,,,,,,,,,,,,,
2020-07-27 14:13:27,2020-07-27 14:17:03,Survey Preview,,100,215,True,2020-07-27 14:17:03,R_114Q58yOFWk7TLz,,,,,41.3867950439453125,-70.535003662109375,preview,EN,,,,Do not log this response,,,,,,,,,,,,,,,,,,,,,,,,,n,3,dispref,zebra,tiger,pigs,cows
2020-07-27 14:18:37,2020-07-27 14:22:13,Survey Preview,,100,215,True,2020-07-27 14:22:13,R_Bx4bjutbJcY2Agh,,,,,41.3867950439453125,-70.535003662109375,preview,EN,,,,Do not log this response,,,,,,,,,,,,,,,,,,,,,,,,,test,3,pref,zebra,tiger,pigs,cows
2020-07-27 14:33:30,2020-07-27 14:36:18,IP Address,107.3.121.49,100,168,True,2020-07-27 14:36:18,R_2BsP0QufsJeMhCR,,,,,41.3867950439453125,-70.535003662109375,anonymous,EN,,,,Do not log this response,,,,,,,,,,,,,,,,,,,,,Disfluent,,,,,4,dispref,tiger,zebra,cows,pigs
2020-07-27 15:04:10,2020-07-27 15:07:02,IP Address,107.3.121.49,100,171,True,2020-07-27 15:07:02,R_3khXj0bCXb3T890,,,,,41.3867950439453125,-70.535003662109375,anonymous,EN,,,,Do not log this response,,,,,,,,,,,,,,,,,,,,,,,,,,4,pref,tiger,zebra,cows,pigs
2020-07-27 15:10:21,2020-07-27 15:13:35,IP Address,107.3.121.49,100,194,True,2020-07-27 15:13:35,R_1nPniDJzMOnVpAX,,,,,41.3867950439453125,-70.535003662109375,anonymous,EN,,,,Do not log this response,,,,,,,,,,,,,,,,,,,,,,,,,,2,dispref,zebra,tiger,pigs,cows
2020-07-27 15:18:58,2020-07-27 15:23:38,IP Address,107.3.121.49,100,279,True,2020-07-27 15:23:38,R_5bTcenNVM7K10wV,,,,,41.3867950439453125,-70.535003662109375,anonymous,EN,,,,Do not log this response,Fluent,Disfluent,Disfluent,Fluent,Disfluent,Fluent,,,,,,,,,,,,,,,,,,,Because she's yellow,1,dispref,tiger,zebra,cows,pigs
2020-07-27 15:23:53,2020-07-27 15:29:48,IP Address,107.3.121.49,100,355,True,2020-07-27 15:29:48,R_1GQtHrQRrrzrPuV,,,,,41.3867950439453125,-70.535003662109375,anonymous,EN,,,,Do not log this response,,,,,,,Fluent,Disfluent,Fluent,Fluent,Fluent,Fluent,,,,,,,,,,,,,test,2,dispref,zebra,tiger,pigs,cows
2020-07-27 15:38:37,2020-07-27 15:40:25,Survey Preview,,100,108,True,2020-07-27 15:40:26,R_1ozqX6UJaoe31Md,,,,,41.3867950439453125,-70.535003662109375,preview,EN,,,,Do not log this response,,,,,,,,,,,,,,,,,,,,,,,,,,3,dispref,zebra,tiger,pigs,cows
2020-07-27 15:40:28,2020-07-27 15:42:43,Survey Preview,,100,134,True,2020-07-27 15:42:43,R_1Gv46MLmTfIQs6x,,,,,41.3867950439453125,-70.535003662109375,preview,EN,,,,Do not log this response,,,,,,,,,,,,,,,,,,,,,,,,,,3,pref,zebra,tiger,pigs,cows
2020-07-28 07:35:23,2020-07-28 07:41:13,IP Address,71.229.152.54,100,350,True,2020-07-28 07:41:13,R_1P7TEzudHlv3cf6,,,,,39.7321014404296875,-104.95549774169921875,anonymous,EN,,,,Do not log this response,,,,,,,,,,,,,,,,,,,,,,,,,,4,pref,tiger,zebra,cows,pigs
2020-07-28 10:21:47,2020-07-28 10:45:41,IP Address,107.3.121.49,100,1434,True,2020-07-28 10:45:41,R_1PTW3SArCM7CaJz,,,,,41.3867950439453125,-70.535003662109375,anonymous,EN,6878,6,girl,,,,,,,,,,,,,,,,,,,,,Disfluent,Disfluent,Fluent,Disfluent,Fluent,yellow said mm was still thinking,4,dispref,tiger,zebra,cows,pigs
2020-07-29 11:26:33,2020-07-29 11:30:14,IP Address,205.208.121.205,100,220,True,2020-07-29 11:30:14,R_3DnY2QZsCbryr1w,,,,,41.7821044921875,-87.6045989990234375,anonymous,EN,,,,Do not log this response,,,,,,,,,,,,,,,,,,,,,,,,,,4,dispref,tiger,zebra,cows,pigs
2020-07-29 11:42:42,2020-07-29 12:12:00,IP Address,71.229.152.54,100,1757,True,2020-07-29 12:12:01,R_aXFQYPBuu5GGus1,,,,,39.7321014404296875,-104.95549774169921875,anonymous,EN,,,,Do not log this response,,,,,,,,,,,,,,,,,,,Fluent,Fluent,Disfluent,Fluent,Disfluent,Fluent,didnt hesitate,4,dispref,tiger,zebra,cows,pigs
2020-07-29 12:15:30,2020-07-29 12:23:35,IP Address,24.14.240.11,100,484,True,2020-07-29 12:23:35,R_2f9YYp3y4UjSlEe,,,,,41.8957061767578125,-87.9434967041015625,anonymous,EN,,,,Do not log this response,,,,,,,,,,,,,,,,,,,Disfluent,Fluent,Fluent,Fluent,,Fluent,,4,pref,tiger,zebra,cows,pigs
2020-07-29 12:25:57,2020-07-29 12:42:41,IP Address,24.14.240.11,100,1003,True,2020-07-29 12:42:41,R_RJlEAu3b2uYKN4B,,,,,41.8957061767578125,-87.9434967041015625,anonymous,EN,,,,Do not log this response,,,,,,,Fluent,Fluent,Disfluent,Fluent,Disfluent,Fluent,,,,,,,,,,,,,because she doesn't hesitate... know that pig,2,dispref,zebra,tiger,pigs,cows
2020-07-30 08:07:26,2020-07-30 08:22:33,IP Address,71.229.152.54,100,907,True,2020-07-30 08:22:34,R_1oAPQTBVivBbTfS,,,,,39.7301025390625,-104.90779876708984375,anonymous,EN,6208,9,girl,,,,,,,,Fluent,Disfluent,Disfluent,Fluent,Disfluent,Disfluent,,,,,,,,,,,,,because the yellow person said um and took longer to remember so the orange person knows more about pigs and the yellow knows more about cows,2,pref,zebra,tiger,pigs,cows
2020-07-30 08:26:36,2020-07-30 08:32:22,IP Address,71.229.152.54,100,346,True,2020-07-30 08:32:22,R_2RVBHWlXuwJfurf,,,,,39.7321014404296875,-104.95549774169921875,anonymous,EN,6209,6,boy,,,,,,,,,,,,,,Fluent,Fluent,Disfluent,Fluent,Disfluent,Disfluent,,,,,,,because the orange person said a little pause so she had to think but the yellow person didn't,3,dispref,zebra,tiger,pigs,cows
2020-07-31 09:49:06,2020-07-31 10:05:19,IP Address,71.229.152.54,100,972,True,2020-07-31 10:05:19,R_1cUnCVzsd0bTTQE,,,,,39.7321014404296875,-104.95549774169921875,anonymous,EN,6059,6,girl,,,,,,,,Fluent,,Disfluent,Fluent,,Disfluent,,,,,,,,,,,,,because she didn't say um,2,dispref,zebra,tiger,pigs,cows
2020-07-31 10:09:25,2020-07-31 10:15:06,IP Address,71.229.152.54,100,340,True,2020-07-31 10:15:06,R_3qTIvsttkjKv1Tj,,,,,39.7301025390625,-104.90779876708984375,anonymous,EN,11652 - 3 years old,,girl,Do not log this response,Disfluent,Fluent,Disfluent,Fluent,Fluent,Disfluent,,,,,,,,,,,,,,,,,,,i dont know,1,dispref,tiger,zebra,cows,pigs
2020-08-03 08:18:31,2020-08-03 08:37:55,IP Address,71.229.152.54,100,1163,True,2020-08-03 08:37:56,R_3m7V9o63bLmDsIr,,,,,39.7301025390625,-104.90779876708984375,anonymous,EN,RP-0188,5,boy,,,,,,,,,,,,,,,,,,,,Disfluent,Fluent,Disfluent,Fluent,Disfluent,Fluent,i dont know,4,pref,tiger,zebra,cows,pigs
2020-08-03 11:15:56,2020-08-03 11:22:37,IP Address,71.229.152.54,100,401,True,2020-08-03 11:22:38,R_2D5MV3iSEtJpPyO,,,,,39.7301025390625,-104.90779876708984375,anonymous,EN,RP-0200,5,girl,,,,,,,,,,,,,,Fluent,Disfluent,Disfluent,Fluent,Disfluent,Disfluent,,,,,,,i dont know,3,pref,zebra,tiger,pigs,cows
2020-08-03 12:28:29,2020-08-03 12:58:52,IP Address,71.229.152.54,100,1823,True,2020-08-03 12:58:53,R_3h2drxF7f62fHYl,,,,,39.7301025390625,-104.90779876708984375,anonymous,EN,4702,8,girl,,,,,,,,Fluent,Fluent,Disfluent,Fluent,Fluent,Disfluent,,,,,,,,,,,,,Because they didn't stop in between the words,2,dispref,zebra,tiger,pigs,cows
2020-08-03 13:23:01,2020-08-03 14:48:09,IP Address,71.229.152.54,100,5107,True,2020-08-03 14:48:10,R_2wzvmveMsqveJuE,,,,,39.7301025390625,-104.90779876708984375,anonymous,EN,5923,6,boy,,Fluent,Fluent,Disfluent,Fluent,Disfluent,Disfluent,,,,,,,,,,,,,,,,,,,"Because she answered it faster! ",1,dispref,tiger,zebra,cows,pigs
2020-07-27 14:48:20,2020-07-27 14:48:48,IP Address,107.3.121.49,31,27,False,2020-08-03 14:49:10,R_qFztzrZ51M9rp2p,,,,,,,anonymous,EN,,,,Do not log this response,,,,,,,,,,,,,,,,,,,,,,,,,,2,pref,zebra,tiger,pigs,cows
2020-07-27 15:04:51,2020-07-27 15:07:59,IP Address,107.3.121.49,99,187,False,2020-08-03 15:08:05,R_2aQ2ZLjeDRIiXWN,,,,,,,anonymous,EN,,,,Do not log this response,,,,,,,,,,,,,,,,,,,,,,,,,,1,dispref,tiger,zebra,cows,pigs
2020-07-27 15:13:37,2020-07-27 15:17:30,IP Address,107.3.121.49,20,233,False,2020-08-03 15:17:50,R_cvknbUKcigDQpA5,,,,,,,anonymous,EN,,,,Do not log this response,,,,,,,,,,,,,,,,,,,,,,,,,,1,pref,tiger,zebra,cows,pigs
2020-07-27 15:17:38,2020-07-27 15:18:55,IP Address,107.3.121.49,99,76,False,2020-08-03 15:19:23,R_VVa419yHTAd2gQp,,,,,,,anonymous,EN,,,,,,,,,,,,,,,,,,,,,,,,,,,,,,,,,,,
2020-07-27 17:47:02,2020-07-27 17:52:16,IP Address,24.14.240.11,99,313,False,2020-08-03 17:52:36,R_9TS00Ak8g6qVI2J,,,,,,,anonymous,EN,,,,Do not log this response,,,,,,,Fluent,Disfluent,Disfluent,Fluent,Disfluent,Disfluent,,,,,,,,,,,,,,2,pref,zebra,tiger,pigs,cows
2020-08-04 10:54:03,2020-08-04 11:05:05,IP Address,71.229.152.54,100,662,True,2020-08-04 11:05:06,R_1EhUXPRAcKpJvp3,,,,,39.7301025390625,-104.90779876708984375,anonymous,EN,9015,4,girl,,Fluent,Fluent,Disfluent,Disfluent,Fluent,Disfluent,,,,,,,,,,,,,,,,,,,Because she said um,1,dispref,tiger,zebra,cows,pigs
2020-08-04 11:05:39,2020-08-04 11:20:08,IP Address,71.229.152.54,100,868,True,2020-08-04 11:20:09,R_2dpa0TBXJz4j4z8,,,,,39.7301025390625,-104.90779876708984375,anonymous,EN,5145,7,girl,,,,,,,,Fluent,Disfluent,Disfluent,Fluent,Disfluent,Disfluent,,,,,,,,,,,,,"Cause she said um a pig, and the orange person said pig really fast",2,pref,zebra,tiger,pigs,cows
2020-08-04 11:20:16,2020-08-04 11:29:09,IP Address,71.229.152.54,100,533,True,2020-08-04 11:29:10,R_3Rrr6Fhsg5BApCn,,,,,39.7321014404296875,-104.95549774169921875,anonymous,EN,2543,9,girl,,Fluent,Fluent,Disfluent,Fluent,Fluent,Disfluent,,,,,,,,,,,,,,,,,,,Because they said it like the knew more,1,dispref,tiger,zebra,cows,pigs
2020-08-04 12:18:22,2020-08-04 13:18:52,IP Address,137.22.56.177,100,3629,True,2020-08-04 13:18:53,R_2xEuGGmMOr85Kcn,,,,,44.4611968994140625,-93.16719818115234375,anonymous,EN,8373,4,boy,,,,,,,,,,,,,,,,,,,,Fluent,Disfluent,Fluent,Fluent,Fluent,Fluent,"because the organe person knows more about pigs because they are smarter ",4,pref,tiger,zebra,cows,pigs
2020-07-28 18:42:24,2020-07-28 18:49:56,IP Address,24.14.240.11,99,452,False,2020-08-04 18:50:25,R_33wpDCQHZb2xoBv,,,,,,,anonymous,EN,,,,Do not log this response,Fluent,Fluent,Disfluent,Fluent,Disfluent,Disfluent,,,,,,,,,,,,,,,,,,,,1,pref,tiger,zebra,cows,pigs
2020-08-05 12:01:14,2020-08-05 13:06:09,IP Address,137.22.56.177,100,3895,True,2020-08-05 13:06:10,R_3RrzKGlroS0NRIM,,,,,44.4611968994140625,-93.16719818115234375,anonymous,EN,RP-0206,8,boy,,,,,,,,,,,,,,,,,,,,Disfluent,Fluent,Disfluent,Fluent,Disfluent,Fluent,he Was looking at a cow too,4,dispref,tiger,zebra,cows,pigs
2020-08-05 12:00:37,2020-08-05 13:20:43,IP Address,137.22.56.177,100,4806,True,2020-08-05 13:20:43,R_sMO4Qclu6eoS3Zf,,,,,44.4611968994140625,-93.16719818115234375,anonymous,EN,RP-0206,8,boy,,,,,,,,,,,,,,,,,,,,Fluent,Disfluent,Disfluent,Fluent,Fluent,Fluent,the orange person knows more about animals,4,pref,tiger,zebra,cows,pigs
2020-08-05 15:07:41,2020-08-05 15:26:32,IP Address,137.22.56.177,100,1130,True,2020-08-05 15:26:32,R_2uOJH38VX9WSxgK,,,,,44.4611968994140625,-93.16719818115234375,anonymous,EN,RP-0186,4,boy,,,,,,,,,,,,,,,,,,,,Disfluent,Disfluent,Fluent,Disfluent,Disfluent,Disfluent,"no idea ",4,dispref,tiger,zebra,cows,pigs
2020-08-05 15:40:44,2020-08-05 16:02:44,IP Address,71.229.152.54,100,1319,True,2020-08-05 16:02:45,R_cI3Ureddp1Tf9fj,,,,,39.7321014404296875,-104.95549774169921875,anonymous,EN,RP-0199,7,boy,,,,,,,,,,,,,,Fluent,Disfluent,Disfluent,Fluent,Disfluent,Disfluent,,,,,,,The yellow person knows more about pigs because the orange person said um. I don't know why the other person knows more about cows.,3,pref,zebra,tiger,pigs,cows
2020-08-06 11:53:57,2020-08-06 12:05:08,IP Address,205.208.121.70,100,671,True,2020-08-06 12:05:08,R_2ZDlbEFRW8fEDRt,,,,,41.7821044921875,-87.6045989990234375,anonymous,EN,11235,6,girl,,,,,,,,,,,,,,Fluent,Disfluent,Disfluent,Fluent,Disfluent,Disfluent,,,,,,,"Because she said uh but the person wasn't ",3,pref,zebra,tiger,pigs,cows
2020-08-06 12:09:49,2020-08-06 12:23:11,IP Address,205.208.121.70,100,802,True,2020-08-06 12:23:12,R_stxzZ1NpzSl5WN3,,,,,41.8018035888671875,-87.59929656982421875,anonymous,EN,11234,8,girl,,,,,,,,Fluent,Fluent,Disfluent,Fluent,Disfluent,Fluent,,,,,,,,,,,,,She didnt hesitate so knows about pigs and cows,2,pref,zebra,tiger,pigs,cows
2020-08-06 12:50:27,2020-08-06 13:06:26,IP Address,205.208.121.32,100,958,True,2020-08-06 13:06:26,R_vOIXDgJrHjli2Z3,,,,,41.8018035888671875,-87.59929656982421875,anonymous,EN,9933,4,boy,,,,,,,,,,,,,,,,,,,,,,,,,,,3,dispref,zebra,tiger,pigs,cows
2020-08-06 13:47:47,2020-08-06 14:13:06,IP Address,71.229.152.54,100,1518,True,2020-08-06 14:13:07,R_2Bew9jhMvhSDFPD,,,,,39.7301025390625,-104.90779876708984375,anonymous,EN,RP-0204,8,boy,,Fluent,Fluent,Disfluent,Fluent,Disfluent,Disfluent,,,,,,,,,,,,,,,,,,,Because the other person didn't know much about the cow because she was saying um and the yellow person just said cow,1,dispref,tiger,zebra,cows,pigs
2020-08-06 14:41:20,2020-08-06 15:02:23,IP Address,71.229.152.54,100,1262,True,2020-08-06 15:02:23,R_3gX936EEulxJbo6,,,,,39.7321014404296875,-104.95549774169921875,anonymous,EN,10951,5,boy,,Disfluent,Fluent,Disfluent,Fluent,Disfluent,Disfluent,,,,,,,,,,,,,,,,,,,Because she knew the pig better than the yellow person,1,pref,tiger,zebra,cows,pigs
2020-08-06 15:43:35,2020-08-06 16:08:15,IP Address,71.229.152.54,100,1479,True,2020-08-06 16:08:15,R_2DOcVgG1fQtPPVW,,,,,39.7301025390625,-104.90779876708984375,anonymous,EN,5280,8,girl,,,,,,,,,,,,,,Fluent,Fluent,Disfluent,Fluent,Disfluent,Disfluent,,,,,,,I think the yellow person knows more about pigs because the orange person said umm but the yellow person said pig right away,3,dispref,zebra,tiger,pigs,cows
2020-08-07 07:35:02,2020-08-07 08:08:27,IP Address,71.229.152.54,100,2005,True,2020-08-07 08:08:28,R_saFFWtgyocNw27D,,,,,39.7301025390625,-104.90779876708984375,anonymous,EN,11468,4,boy,,,,,,,,,,,,,,Disfluent,Fluent,Fluent,Disfluent,Fluent,Fluent,,,,,,,"I can tell because the yellow person is by the cow ",3,pref,zebra,tiger,pigs,cows
2020-08-07 09:15:22,2020-08-07 09:45:13,IP Address,24.14.240.11,100,1791,True,2020-08-07 09:45:14,R_33pwfRx8GyR6MdX,,,,,41.8957061767578125,-87.9434967041015625,anonymous,EN,6905,6,boy,,Fluent,Disfluent,Disfluent,Fluent,Disfluent,Disfluent,,,,,,,,,,,,,,,,,,,because she said ummm,1,pref,tiger,zebra,cows,pigs
2020-08-07 10:03:53,2020-08-07 10:38:56,IP Address,205.208.121.187,100,2102,True,2020-08-07 10:38:56,R_8IxPelxUKCujWz7,,,,,41.7821044921875,-87.6045989990234375,anonymous,EN,9231,6,boy,,,,,,,,,,,,,,,,,,,,Disfluent,Disfluent,Fluent,Fluent,Disfluent,Fluent,"because pigs are pink ",4,pref,tiger,zebra,cows,pigs
2020-08-10 07:44:20,2020-08-10 08:03:29,IP Address,24.14.240.11,100,1148,True,2020-08-10 08:03:30,R_2CspQdL9CaO22Xt,,,,,41.8957061767578125,-87.9434967041015625,anonymous,EN,RP-0211,4,boy,,,,,,,,Fluent,Disfluent,Disfluent,Fluent,Fluent,Disfluent,,,,,,,,,,,,,"because the cows fly ",2,pref,zebra,tiger,pigs,cows
2020-08-10 10:51:21,2020-08-10 10:59:54,IP Address,24.14.240.11,100,512,True,2020-08-10 10:59:55,R_2aP4M7n2mZirqFJ,,,,,41.8957061767578125,-87.9434967041015625,anonymous,EN,8514,4,girl,,Fluent,Disfluent,Fluent,Disfluent,Fluent,Fluent,,,,,,,,,,,,,,,,,,,"because she's smart ",1,pref,tiger,zebra,cows,pigs
2020-08-10 11:31:39,2020-08-10 12:04:41,IP Address,71.229.152.54,100,1982,True,2020-08-10 12:04:42,R_1q26dhkJc2cCg0v,,,,,39.7321014404296875,-104.95549774169921875,anonymous,EN,7862,7,girl,,,,,,,,,,,,,,,,,,,,Fluent,,Disfluent,Fluent,,Disfluent,Because that person actually said it quicker,4,dispref,tiger,zebra,cows,pigs
2020-08-10 12:21:08,2020-08-10 13:35:16,IP Address,71.229.152.54,100,4448,True,2020-08-10 13:35:17,R_25MF2BNIjndQTzb,,,,,39.7321014404296875,-104.95549774169921875,anonymous,EN,6685,7,girl,,Fluent,Fluent,Disfluent,Fluent,Fluent,Disfluent,,,,,,,,,,,,,,,,,,,Because the other person had to think about it,1,dispref,tiger,zebra,cows,pigs
2020-08-10 14:00:43,2020-08-10 14:22:06,IP Address,71.229.152.54,100,1283,True,2020-08-10 14:22:06,R_s6AJrEEQFP0pIaZ,,,,,39.7321014404296875,-104.95549774169921875,anonymous,EN,3949,8,boy,,Fluent,Disfluent,Disfluent,Fluent,Disfluent,Disfluent,,,,,,,,,,,,,,,,,,,"Because she said uhh um cow, she didnt say the name as suddenly as the yellow person said a cow",1,pref,tiger,zebra,cows,pigs
2020-08-10 14:49:47,2020-08-10 15:06:16,IP Address,71.229.152.54,100,988,True,2020-08-10 15:06:17,R_3L4EpRaWruw7JsJ,,,,,39.7301025390625,-104.90779876708984375,anonymous,EN,10517,9,boy,,,,,,,,,,,,,,,,,,,,Fluent,Fluent,Disfluent,Disfluent,Fluent,Fluent,I don't know,4,dispref,tiger,zebra,cows,pigs
2020-08-04 10:09:16,2020-08-04 10:12:58,IP Address,137.22.56.177,99,222,False,2020-08-11 10:13:01,R_1mUzZwKsEyPqJuv,,,,,,,anonymous,EN,,,,Do not log this response,,,,,,,,,,,,,Fluent,Disfluent,Disfluent,Fluent,Fluent,Fluent,,,,,,,,3,dispref,zebra,tiger,pigs,cows
2020-08-11 10:10:34,2020-08-11 10:15:44,IP Address,137.22.56.177,100,310,True,2020-08-11 10:15:45,R_1KfjRSZNn8VHuAA,,,,,44.4611968994140625,-93.16719818115234375,anonymous,EN,6936,6,girl,,,,,,,,Disfluent,Fluent,Fluent,Disfluent,Fluent,Disfluent,,,,,,,,,,,,,"because she has black shoes ",2,pref,zebra,tiger,pigs,cows
2020-08-11 10:00:35,2020-08-11 10:38:08,IP Address,137.22.56.177,100,2253,True,2020-08-11 10:38:09,R_3D7SzoYSpYZGNts,,,,,44.4611968994140625,-93.16719818115234375,anonymous,EN,6933,8,girl,,,,,,,,,,,,,,Fluent,Disfluent,Disfluent,Fluent,Disfluent,Disfluent,,,,,,,"because she said ummm about the pig because she didnt know it was a pig. I think she thought it was a cow but its really a pig ",3,pref,zebra,tiger,pigs,cows
2020-08-11 12:05:28,2020-08-11 12:27:32,IP Address,71.229.152.54,100,1323,True,2020-08-11 12:27:33,R_1DO81dJxAcmb29i,,,,,39.7301025390625,-104.90779876708984375,anonymous,EN,"10813 ",8,girl,,,,,,,,Fluent,Disfluent,Disfluent,Fluent,Disfluent,Disfluent,,,,,,,,,,,,,Because she hasetated for one animal if theres another she might know more about that one,2,pref,zebra,tiger,pigs,cows
2020-08-11 12:32:52,2020-08-11 12:40:15,IP Address,71.229.152.54,100,443,True,2020-08-11 12:40:15,R_3jSBxwPTiVgQGW1,,,,,39.7301025390625,-104.90779876708984375,anonymous,EN,10814,6,boy,,,,,,,,,,,,,,,,,,,,Fluent,Disfluent,Disfluent,Fluent,Disfluent,Disfluent,Because when you asked her what is it called she said uh um a cow,4,pref,tiger,zebra,cows,pigs
2020-08-11 14:35:05,2020-08-11 14:43:45,IP Address,205.208.121.65,100,519,True,2020-08-11 14:43:45,R_3PTbr2TpH8jcOgR,,,,,41.8018035888671875,-87.59929656982421875,anonymous,EN,10518,8,girl,,,,,,,,,,,,,,Fluent,Fluent,Disfluent,Fluent,Disfluent,Disfluent,,,,,,,because she didn't say ummm,3,dispref,zebra,tiger,pigs,cows
2020-08-11 14:07:42,2020-08-11 14:58:07,IP Address,205.208.121.65,100,3025,True,2020-08-11 14:58:08,R_1Cf3qf7BU5CVc82,,,,,41.8018035888671875,-87.59929656982421875,anonymous,EN,10516,4,girl,,,,,,,,Fluent,Disfluent,Disfluent,Fluent,Fluent,Disfluent,,,,,,,,,,,,,"the yellow person because the yellow person likes the pig ",2,dispref,zebra,tiger,pigs,cows
2020-08-12 16:09:17,2020-08-12 16:15:02,IP Address,71.229.152.54,100,344,True,2020-08-12 16:15:03,R_3F41deK8TZ6w0qg,,,,,39.7321014404296875,-104.95549774169921875,anonymous,EN,RP-0213,6,boy,,,,,,,,Fluent,Disfluent,Fluent,Fluent,Fluent,Disfluent,,,,,,,,,,,,,"Because they just said the answer but the other person couldnt figure it out and then the did ",2,dispref,zebra,tiger,pigs,cows
2020-08-13 09:48:53,2020-08-13 09:58:11,IP Address,137.22.56.177,100,557,True,2020-08-13 09:58:11,R_9BLtB98jf6IlGxP,,,,,44.4611968994140625,-93.16719818115234375,anonymous,EN,7196,7,boy,,,,,,,,,,,,,,Fluent,Disfluent,Disfluent,Fluent,Fluent,Disfluent,,,,,,,"because the orange person was like this was a ummm pig. the yellow person knows more about pig because he didn't say ummm before ",3,dispref,zebra,tiger,pigs,cows
2020-08-13 11:14:20,2020-08-13 11:34:51,IP Address,71.229.152.54,100,1231,True,2020-08-13 11:34:51,R_vIzEUU8YslOAmA1,,,,,39.7301025390625,-104.90779876708984375,anonymous,EN,7328,7,boy,,,,,,,,,,,,,,,,,,,,Fluent,Fluent,Disfluent,Fluent,Disfluent,Fluent,"
because she doesn't hesitate",4,pref,tiger,zebra,cows,pigs
2020-08-13 12:25:04,2020-08-13 12:36:59,IP Address,107.3.121.49,100,714,True,2020-08-13 12:36:59,R_PSDDeK1jS1fP8Wd,,,,,41.3867950439453125,-70.535003662109375,anonymous,EN,8041,5,girl,,,,,,,,,,,,,,Fluent,Fluent,Disfluent,Fluent,Fluent,Disfluent,,,,,,,i dont' know,3,dispref,zebra,tiger,pigs,cows
2020-08-13 12:48:47,2020-08-13 12:53:54,IP Address,107.3.121.49,100,307,True,2020-08-13 12:53:54,R_XnA6ruUUq4rTXY5,,,,,41.3867950439453125,-70.535003662109375,anonymous,EN,8039,8,boy,,Fluent,Fluent,Disfluent,Fluent,Fluent,Disfluent,,,,,,,,,,,,,,,,,,,"If they have hesittate just ot know the name, i think that means they know a lot less",1,dispref,tiger,zebra,cows,pigs
2020-08-13 12:54:04,2020-08-13 13:01:49,IP Address,107.3.121.49,100,465,True,2020-08-13 13:01:50,R_12xxAJCRPwlilTS,,,,,41.3867950439453125,-70.535003662109375,anonymous,EN,8040,7,boy,,Fluent,Disfluent,Disfluent,Fluent,Disfluent,Disfluent,,,,,,,,,,,,,,,,,,,It's because it said um a cow. The only other choice would be a pig,1,pref,tiger,zebra,cows,pigs
2020-08-13 13:49:49,2020-08-13 14:16:46,IP Address,24.14.240.11,100,1616,True,2020-08-13 14:16:46,R_barGEzh8mQwtxo5,,,,,41.8957061767578125,-87.9434967041015625,anonymous,EN,8637,4,boy,,,,,,,,,,,,,,,,,,,,Disfluent,Disfluent,Fluent,Fluent,Fluent,Disfluent,"because it asked first ",4,dispref,tiger,zebra,cows,pigs
2020-08-13 14:08:56,2020-08-13 14:20:30,IP Address,71.229.152.54,100,694,True,2020-08-13 14:20:30,R_1gp9zPqOTGLVs7i,,,,,39.7321014404296875,-104.95549774169921875,anonymous,EN,RP-0218,8,boy,,Disfluent,Fluent,Disfluent,Fluent,Disfluent,Disfluent,,,,,,,,,,,,,,,,,,,"Because she said um, it seemed like she didn't know about animals",1,pref,tiger,zebra,cows,pigs
2020-08-13 13:49:52,2020-08-13 14:27:39,IP Address,24.14.240.11,100,2266,True,2020-08-13 14:27:39,R_29hVMBlBagistYc,,,,,41.8957061767578125,-87.9434967041015625,anonymous,EN,4070,8,boy,,,,,,,,,,,,,,Fluent,Disfluent,Disfluent,Fluent,Disfluent,Disfluent,,,,,,,"because she said ummm ",3,pref,zebra,tiger,pigs,cows
2020-08-14 08:15:19,2020-08-14 09:02:01,IP Address,174.192.66.9,100,2802,True,2020-08-14 09:02:02,R_stgoN8PRPyY79rX,,,,,42.32940673828125,-89.032501220703125,anonymous,EN,"8133 ",5,boy,,,,,,,,,,,,,,,,,,,,Disfluent,Disfluent,Fluent,Fluent,Fluent,Fluent,"because she looks a bit taller ",4,dispref,tiger,zebra,cows,pigs
2020-08-14 09:28:21,2020-08-14 09:37:41,IP Address,107.3.121.49,100,559,True,2020-08-14 09:37:41,R_1gSdeu61RH3K6RF,,,,,41.3867950439453125,-70.535003662109375,anonymous,EN,9083,4,girl,,,,,,,,Disfluent,Fluent,Fluent,Fluent,Disfluent,Disfluent,,,,,,,,,,,,,"""I don't know""",2,pref,zebra,tiger,pigs,cows
2020-08-14 09:45:06,2020-08-14 09:58:04,IP Address,107.3.121.49,100,778,True,2020-08-14 09:58:05,R_1GtdrRLHdEREmlP,,,,,41.3867950439453125,-70.535003662109375,anonymous,EN,9082,8,girl,,,,,,,,Fluent,Disfluent,Disfluent,Fluent,Disfluent,Disfluent,,,,,,,,,,,,,because the yellow person didn't really know it was a pig. the orange person knew straight away,2,dispref,zebra,tiger,pigs,cows
2020-08-14 10:11:06,2020-08-14 10:21:20,IP Address,71.229.152.54,100,614,True,2020-08-14 10:21:20,R_31sZVxNtcp7RpT6,,,,,39.7321014404296875,-104.95549774169921875,anonymous,EN,5773,8,girl,,,,,,,,,,,,,,,,,,,,Fluent,Disfluent,Disfluent,Fluent,Fluent,Disfluent,"i think the yellow person knows less about cows because she said um cow, so because she didn't know about cows then she might know pigs better than cows",4,pref,tiger,zebra,cows,pigs
2020-08-14 10:59:03,2020-08-14 11:23:59,IP Address,71.229.152.54,100,1496,True,2020-08-14 11:24:00,R_3HjnbaaFnOCa4Dg,,,,,39.7321014404296875,-104.95549774169921875,anonymous,EN,3208,9,girl,,,,,,,,,,,,,,,,,,,,Fluent,Fluent,Disfluent,Fluent,Fluent,Disfluent,Because she didn't know about the cow so maybe shes researching pigs already,4,pref,tiger,zebra,cows,pigs
2020-08-14 11:51:19,2020-08-14 12:05:05,IP Address,137.22.56.177,100,825,True,2020-08-14 12:05:05,R_2ZPGYauqayCfGPd,,,,,44.4611968994140625,-93.16719818115234375,anonymous,EN,10164,4,girl,,,,,,,,,,,,,,Disfluent,Fluent,Fluent,Fluent,Fluent,Fluent,,,,,,,,3,pref,zebra,tiger,pigs,cows
2020-08-14 12:36:40,2020-08-14 12:52:49,IP Address,137.22.56.177,100,968,True,2020-08-14 12:52:50,R_3ndfY141jQKSqBi,,,,,44.4611968994140625,-93.16719818115234375,anonymous,EN,7185,7,boy,,,,,,,,Fluent,Fluent,Disfluent,Fluent,Fluent,Fluent,,,,,,,,,,,,,"because she didn't have an a or an umm or those dot dot dots ",2,dispref,zebra,tiger,pigs,cows
2020-08-17 11:51:11,2020-08-17 12:09:45,IP Address,24.14.240.11,100,1113,True,2020-08-17 12:09:45,R_a9SdApCKTOoNtzb,,,,,41.8957061767578125,-87.9434967041015625,anonymous,EN,3714,9,girl,,Fluent,Disfluent,Disfluent,Fluent,Disfluent,Disfluent,,,,,,,,,,,,,,,,,,,"because she didnt know the name of the cow actually, because she was like a... ummm.. and then she said cow ",1,pref,tiger,zebra,cows,pigs
2020-08-17 13:00:23,2020-08-17 13:14:49,IP Address,205.208.121.90,100,865,True,2020-08-17 13:14:49,R_3m30GtVr9eCyUoe,,,,,41.8018035888671875,-87.59929656982421875,anonymous,EN,4524,8,boy,,,,,,,,,,,,,,,,,,,,Fluent,Disfluent,Disfluent,Fluent,Disfluent,Disfluent,"because the yellow person said ummm but the orange person said this one is a cow ",4,dispref,tiger,zebra,cows,pigs
2020-08-17 14:39:59,2020-08-17 15:06:05,IP Address,71.229.152.54,100,1565,True,2020-08-17 15:06:05,R_1CHMQTrGoQhs8zD,,,,,39.7321014404296875,-104.95549774169921875,anonymous,EN,11328,7,girl,,,,,,,,,,,,,,Disfluent,Disfluent,Fluent,Fluent,Disfluent,Fluent,,,,,,,I don't know,3,dispref,zebra,tiger,pigs,cows
2020-08-18 07:33:06,2020-08-18 08:11:30,IP Address,71.229.152.54,100,2303,True,2020-08-18 08:11:30,R_22mqaUPQbBsDGFu,,,,,39.7301025390625,-104.90779876708984375,anonymous,EN,6338,7,girl,,Fluent,Fluent,Disfluent,Fluent,Fluent,Disfluent,,,,,,,,,,,,,,,,,,,Because the other one didnt know it and she said it exactly on time,1,dispref,tiger,zebra,cows,pigs
2020-08-12 15:37:33,2020-08-12 16:09:08,IP Address,71.229.152.54,99,1894,False,2020-08-19 16:09:18,R_2dYE7oiBMf59jAU,,,,,,,anonymous,EN,ten year old,9,girl,Do not log this response,Fluent,Fluent,Disfluent,Fluent,Fluent,Disfluent,,,,,,,,,,,,,,,,,,,,1,pref,tiger,zebra,cows,pigs
